"","Kingdom","Phylum","Class","Order","Family","Genus","Species"
"ASV1","Bacteria","Proteobacteria","Gammaproteobacteria","Enterobacteriales","Enterobacteriaceae","Plesiomonas","shigelloides"
"ASV2","Bacteria","Proteobacteria","Gammaproteobacteria","Enterobacteriales","Enterobacteriaceae","Lelliottia","amnigena"
"ASV3","Bacteria","Proteobacteria","Gammaproteobacteria","Aeromonadales","Aeromonadaceae","Aeromonas",NA
"ASV5","Bacteria","Proteobacteria","Gammaproteobacteria","Alteromonadales","Shewanellaceae","Shewanella",NA
"ASV8","Bacteria","Proteobacteria","Gammaproteobacteria","Enterobacteriales","Enterobacteriaceae","Escherichia/Shigella",NA
"ASV11","Bacteria","Proteobacteria","Gammaproteobacteria","Betaproteobacteriales","Chitinibacteraceae","Deefgea",NA
"ASV15","Bacteria","Bacteroidetes","Bacteroidia","Cytophagales","Spirosomaceae","Arcicella","aurantiaca"
"ASV16","Bacteria","Proteobacteria","Gammaproteobacteria","Pseudomonadales","Pseudomonadaceae","Pseudomonas",NA
"ASV20","Bacteria","Proteobacteria","Alphaproteobacteria","Rhodobacterales","Rhodobacteraceae","Paracoccus",NA
"ASV21","Bacteria","Proteobacteria","Gammaproteobacteria","Enterobacteriales","Enterobacteriaceae","Enterobacter",NA
"ASV22","Bacteria","Bacteroidetes","Bacteroidia","Flavobacteriales","Flavobacteriaceae","Flavobacterium","terrigena"
"ASV24","Bacteria","Firmicutes","Clostridia","Clostridiales","Clostridiaceae_1","Clostridium_sensu_stricto_1",NA
"ASV25","Bacteria","Firmicutes","Bacilli","Bacillales","Family_XII","Exiguobacterium",NA
"ASV27","Bacteria","Proteobacteria","Gammaproteobacteria","Betaproteobacteriales","Burkholderiaceae","Acidovorax","facilis"
"ASV31","Bacteria","Proteobacteria","Gammaproteobacteria","Alteromonadales","Alteromonadaceae","Rheinheimera",NA
"ASV32","Bacteria","Proteobacteria","Gammaproteobacteria","Vibrionales","Vibrionaceae","Photobacterium",NA
"ASV35","Bacteria","Proteobacteria","Gammaproteobacteria","Betaproteobacteriales","Burkholderiaceae","Leptothrix",NA
"ASV38","Bacteria","Firmicutes","Bacilli","Bacillales","Planococcaceae","Chryseomicrobium",NA
"ASV43","Bacteria","Proteobacteria","Gammaproteobacteria","Betaproteobacteriales","Burkholderiaceae","Sphaerotilus",NA
"ASV44","Bacteria","Firmicutes","Bacilli","Bacillales","Planococcaceae","Domibacillus",NA
"ASV46","Bacteria","Bacteroidetes","Bacteroidia","Flavobacteriales","Weeksellaceae","Chryseobacterium",NA
"ASV49","Bacteria","Proteobacteria","Gammaproteobacteria","Enterobacteriales","Enterobacteriaceae","Citrobacter",NA
"ASV50","Bacteria","Proteobacteria","Gammaproteobacteria","Pseudomonadales","Moraxellaceae","Psychrobacter",NA
"ASV51","Bacteria","Proteobacteria","Gammaproteobacteria","Betaproteobacteriales","Chromobacteriaceae","Vogesella",NA
"ASV53","Bacteria","Proteobacteria","Gammaproteobacteria","Oceanospirillales","Halomonadaceae","Halomonas","venusta"
"ASV54","Bacteria","Proteobacteria","Gammaproteobacteria","Pseudomonadales","Moraxellaceae","Acinetobacter",NA
"ASV57","Bacteria","Proteobacteria","Gammaproteobacteria","Enterobacteriales","Enterobacteriaceae","Cedecea",NA
"ASV58","Bacteria","Proteobacteria","Gammaproteobacteria","Betaproteobacteriales","Burkholderiaceae","Limnohabitans","planktonicus"
"ASV59","Bacteria","Proteobacteria","Gammaproteobacteria","Betaproteobacteriales","Burkholderiaceae","Mitsuaria",NA
"ASV63","Bacteria","Bacteroidetes","Bacteroidia","Flavobacteriales","Flavobacteriaceae","Salegentibacter",NA
"ASV83","Bacteria","Proteobacteria","Gammaproteobacteria","Betaproteobacteriales","Burkholderiaceae","Alicycliphilus",NA
"ASV95","Bacteria","Bacteroidetes","Bacteroidia","Cytophagales","Cyclobacteriaceae","Algoriphagus",NA
"ASV96","Bacteria","Bacteroidetes","Bacteroidia","Cytophagales","Spirosomaceae","Emticicia",NA
"ASV98","Bacteria","Proteobacteria","Gammaproteobacteria","Betaproteobacteriales","Burkholderiaceae","Undibacterium",NA
"ASV105","Bacteria","Proteobacteria","Gammaproteobacteria","Enterobacteriales","Enterobacteriaceae","Raoultella",NA
"ASV108","Bacteria","Proteobacteria","Gammaproteobacteria","Betaproteobacteriales","Burkholderiaceae","Collimonas",NA
"ASV114","Bacteria","Firmicutes","Clostridia","Clostridiales","Peptostreptococcaceae","Romboutsia",NA
"ASV116","Bacteria","Proteobacteria","Gammaproteobacteria","Betaproteobacteriales","Burkholderiaceae","Variovorax",NA
"ASV118","Bacteria","Proteobacteria","Gammaproteobacteria","Betaproteobacteriales","Rhodocyclaceae","Methyloversatilis",NA
"ASV119","Bacteria","Proteobacteria","Gammaproteobacteria","Methylococcales","Methylomonaceae","Methylomonas",NA
"ASV121","Bacteria","Firmicutes","Bacilli","Bacillales","Planococcaceae","Planococcus",NA
"ASV125","Bacteria","Proteobacteria","Gammaproteobacteria","Enterobacteriales","Enterobacteriaceae","Pseudocitrobacter",NA
"ASV130","Bacteria","Proteobacteria","Alphaproteobacteria","Rhodobacterales","Rhodobacteraceae","Yangia","pacifica"
"ASV131","Bacteria","Bacteroidetes","Bacteroidia","Flavobacteriales","Flavobacteriaceae","Gillisia",NA
"ASV135","Bacteria","Proteobacteria","Gammaproteobacteria","Betaproteobacteriales","Burkholderiaceae","Janthinobacterium","lividum"
"ASV136","Bacteria","Bacteroidetes","Bacteroidia","Sphingobacteriales","Sphingobacteriaceae","Sphingobacterium","faecium"
"ASV143","Bacteria","Actinobacteria","Actinobacteria","Micrococcales","Microbacteriaceae","Microbacterium",NA
"ASV150","Bacteria","Proteobacteria","Gammaproteobacteria","Pseudomonadales","Moraxellaceae","Alkanindiges",NA
"ASV151","Bacteria","Bacteroidetes","Bacteroidia","Flavobacteriales","Crocinitomicaceae","Fluviicola",NA
"ASV155","Bacteria","Proteobacteria","Gammaproteobacteria","Betaproteobacteriales","Burkholderiaceae","Hydrogenophaga",NA
"ASV157","Bacteria","Proteobacteria","Alphaproteobacteria","Rhizobiales","Rhizobiaceae","Shinella",NA
"ASV160","Bacteria","Bacteroidetes","Bacteroidia","Chitinophagales","Chitinophagaceae","Sediminibacterium",NA
"ASV161","Bacteria","Bacteroidetes","Bacteroidia","Cytophagales","Microscillaceae","Thermoflexibacter",NA
"ASV162","Bacteria","Proteobacteria","Alphaproteobacteria","Rhodobacterales","Rhodobacteraceae","Tabrizicola",NA
"ASV163","Bacteria","Proteobacteria","Gammaproteobacteria","Betaproteobacteriales","Burkholderiaceae","Herminiimonas",NA
"ASV166","Bacteria","Proteobacteria","Gammaproteobacteria","Betaproteobacteriales","Burkholderiaceae","Curvibacter",NA
"ASV170","Bacteria","Proteobacteria","Gammaproteobacteria","Xanthomonadales","Xanthomonadaceae","Arenimonas",NA
"ASV178","Bacteria","Proteobacteria","Gammaproteobacteria","Betaproteobacteriales","Burkholderiaceae","Rhizobacter",NA
"ASV181","Bacteria","Firmicutes","Clostridia","Clostridiales","Peptostreptococcaceae","Terrisporobacter",NA
"ASV204","Bacteria","Proteobacteria","Alphaproteobacteria","Rhodobacterales","Rhodobacteraceae","Gemmobacter",NA
"ASV205","Bacteria","Proteobacteria","Alphaproteobacteria","Sphingomonadales","Sphingomonadaceae","Sphingomonas",NA
"ASV210","Bacteria","Bacteroidetes","Bacteroidia","Sphingobacteriales","Sphingobacteriaceae","Pedobacter",NA
"ASV211","Bacteria","Bacteroidetes","Bacteroidia","Cytophagales","Amoebophilaceae","Candidatus_Paenicardinium",NA
"ASV218","Bacteria","Proteobacteria","Gammaproteobacteria","Betaproteobacteriales","Burkholderiaceae","Rhodoferax",NA
"ASV223","Bacteria","Proteobacteria","Gammaproteobacteria","Enterobacteriales","Enterobacteriaceae","Kluyvera",NA
"ASV227","Bacteria","Proteobacteria","Alphaproteobacteria","Sphingomonadales","Sphingomonadaceae","Erythrobacter",NA
"ASV230","Bacteria","Proteobacteria","Alphaproteobacteria","Caulobacterales","Caulobacteraceae","Brevundimonas",NA
"ASV232","Bacteria","Proteobacteria","Gammaproteobacteria","Vibrionales","Vibrionaceae","Aliivibrio",NA
"ASV235","Bacteria","Bacteroidetes","Bacteroidia","Flavobacteriales","Flavobacteriaceae","Salinimicrobium",NA
"ASV242","Bacteria","Actinobacteria","Actinobacteria","Frankiales","Sporichthyaceae","hgcI_clade",NA
"ASV243","Bacteria","Proteobacteria","Gammaproteobacteria","Betaproteobacteriales","Rhodocyclaceae","Georgfuchsia",NA
"ASV246","Bacteria","Proteobacteria","Alphaproteobacteria","Rhodobacterales","Rhodobacteraceae","Rhodobacter",NA
"ASV247","Bacteria","Firmicutes","Bacilli","Lactobacillales","Streptococcaceae","Lactococcus","piscium"
"ASV248","Bacteria","Proteobacteria","Gammaproteobacteria","Betaproteobacteriales","Burkholderiaceae","Polynucleobacter",NA
"ASV261","Bacteria","Proteobacteria","Gammaproteobacteria","Betaproteobacteriales","Burkholderiaceae","Paucibacter","toxinivorans"
"ASV263","Bacteria","Bacteroidetes","Bacteroidia","Flavobacteriales","Weeksellaceae","Apibacter",NA
"ASV265","Bacteria","Verrucomicrobia","Verrucomicrobiae","Verrucomicrobiales","Rubritaleaceae","Luteolibacter",NA
"ASV273","Bacteria","Proteobacteria","Alphaproteobacteria","Rickettsiales","Anaplasmataceae","Neorickettsia",NA
"ASV275","Bacteria","Actinobacteria","Actinobacteria","Corynebacteriales","Mycobacteriaceae","Mycobacterium",NA
"ASV281","Bacteria","Proteobacteria","Gammaproteobacteria","Alteromonadales","Moritellaceae","Moritella",NA
"ASV285","Bacteria","Firmicutes","Clostridia","Clostridiales","Family_XI","Peptoniphilus",NA
"ASV286","Bacteria","Bacteroidetes","Bacteroidia","Cytophagales","Cytophagaceae","Sporocytophaga",NA
"ASV299","Bacteria","Actinobacteria","Actinobacteria","Micrococcales","Microbacteriaceae","Rhodoluna","lacicola"
"ASV300","Bacteria","Firmicutes","Bacilli","Lactobacillales","Leuconostocaceae","Weissella",NA
"ASV307","Bacteria","Actinobacteria","Actinobacteria","Micrococcales","Micrococcaceae","Rothia",NA
"ASV329","Bacteria","Proteobacteria","Gammaproteobacteria","Alteromonadales","Pseudoalteromonadaceae","Pseudoalteromonas",NA
"ASV337","Bacteria","Proteobacteria","Gammaproteobacteria","Enterobacteriales","Enterobacteriaceae","Yersinia","enterocolitica"
"ASV343","Bacteria","Bacteroidetes","Bacteroidia","Flavobacteriales","Weeksellaceae","Cloacibacterium","normanense"
"ASV346","Bacteria","Proteobacteria","Alphaproteobacteria","Sphingomonadales","Sphingomonadaceae","Novosphingobium",NA
"ASV347","Bacteria","Firmicutes","Bacilli","Bacillales","Bacillaceae","Bacillus",NA
"ASV352","Bacteria","Firmicutes","Clostridia","Clostridiales","Peptostreptococcaceae","Paraclostridium",NA
"ASV360","Bacteria","Bacteroidetes","Bacteroidia","Cytophagales","Spirosomaceae","Lacihabitans",NA
"ASV365","Bacteria","Proteobacteria","Alphaproteobacteria","Rhodobacterales","Rhodobacteraceae","Pseudorhodobacter",NA
"ASV368","Bacteria","Proteobacteria","Gammaproteobacteria","Legionellales","Legionellaceae","Legionella",NA
"ASV370","Bacteria","Proteobacteria","Gammaproteobacteria","Betaproteobacteriales","Burkholderiaceae","Polaromonas",NA
"ASV371","Bacteria","Actinobacteria","Actinobacteria","Micrococcales","Micrococcaceae","Kocuria",NA
"ASV379","Bacteria","Firmicutes","Bacilli","Bacillales","Planococcaceae","Jeotgalibacillus",NA
"ASV387","Bacteria","Firmicutes","Bacilli","Bacillales","Bacillaceae","Geobacillus",NA
"ASV388","Bacteria","Fusobacteria","Fusobacteriia","Fusobacteriales","Fusobacteriaceae","Cetobacterium",NA
"ASV391","Bacteria","Proteobacteria","Alphaproteobacteria","Sphingomonadales","Sphingomonadaceae","Polymorphobacter",NA
"ASV392","Bacteria","Bacteroidetes","Bacteroidia","Cytophagales","Spirosomaceae","Flectobacillus","fontis"
"ASV394","Bacteria","Proteobacteria","Alphaproteobacteria","Caulobacterales","Caulobacteraceae","Phenylobacterium",NA
"ASV397","Bacteria","Bacteroidetes","Bacteroidia","Chitinophagales","Chitinophagaceae","Dinghuibacter",NA
"ASV402","Bacteria","Bacteroidetes","Bacteroidia","Cytophagales","Spirosomaceae","Pseudarcicella",NA
"ASV403","Bacteria","Tenericutes","Mollicutes","Mycoplasmatales","Mycoplasmataceae","Candidatus_Lumbricincola",NA
"ASV406","Bacteria","Bacteroidetes","Bacteroidia","Flavobacteriales","Weeksellaceae","Bergeyella",NA
"ASV410","Bacteria","Proteobacteria","Gammaproteobacteria","Betaproteobacteriales","Burkholderiaceae","Duganella","zoogloeoides"
"ASV411","Bacteria","Proteobacteria","Gammaproteobacteria","Betaproteobacteriales","Methylophilaceae","Candidatus_Methylopumilus",NA
"ASV412","Bacteria","Actinobacteria","Actinobacteria","Corynebacteriales","Corynebacteriaceae","Corynebacterium",NA
"ASV416","Bacteria","Proteobacteria","Gammaproteobacteria","Betaproteobacteriales","Burkholderiaceae","Ideonella",NA
"ASV430","Bacteria","Proteobacteria","Gammaproteobacteria","Betaproteobacteriales","Burkholderiaceae","Massilia",NA
"ASV433","Bacteria","Proteobacteria","Gammaproteobacteria","Betaproteobacteriales","Burkholderiaceae","Noviherbaspirillum",NA
"ASV436","Bacteria","Actinobacteria","Actinobacteria","Micrococcales","Microbacteriaceae","Aurantimicrobium",NA
"ASV452","Bacteria","Proteobacteria","Gammaproteobacteria","Betaproteobacteriales","Burkholderiaceae","Pelomonas",NA
"ASV461","Bacteria","Proteobacteria","Alphaproteobacteria","Sphingomonadales","Sphingomonadaceae","Sphingobium",NA
"ASV467","Bacteria","Proteobacteria","Alphaproteobacteria","Sphingomonadales","Sphingomonadaceae","Porphyrobacter",NA
"ASV475","Bacteria","Proteobacteria","Gammaproteobacteria","Xanthomonadales","Xanthomonadaceae","Silanimonas",NA
"ASV479","Bacteria","Proteobacteria","Alphaproteobacteria","Caulobacterales","Caulobacteraceae","Caulobacter","henricii"
"ASV481","Bacteria","Proteobacteria","Gammaproteobacteria","Betaproteobacteriales","Rhodocyclaceae","Zoogloea","oleivorans"
"ASV486","Bacteria","Fusobacteria","Fusobacteriia","Fusobacteriales","Fusobacteriaceae","Psychrilyobacter",NA
"ASV488","Bacteria","Proteobacteria","Gammaproteobacteria","Pasteurellales","Pasteurellaceae","Haemophilus","influenzae"
"ASV489","Bacteria","Proteobacteria","Gammaproteobacteria","Tenderiales","Tenderiaceae","Candidatus_Tenderia",NA
"ASV496","Bacteria","Bacteroidetes","Bacteroidia","Cytophagales","Spirosomaceae","Runella",NA
"ASV498","Bacteria","Chlamydiae","Chlamydiae","Chlamydiales","Parachlamydiaceae","Neochlamydia",NA
"ASV499","Bacteria","Proteobacteria","Gammaproteobacteria","Alteromonadales","Idiomarinaceae","Aliidiomarina",NA
"ASV500","Bacteria","Proteobacteria","Alphaproteobacteria","Sphingomonadales","Sphingomonadaceae","Sphingorhabdus",NA
"ASV502","Bacteria","Firmicutes","Bacilli","Lactobacillales","Streptococcaceae","Streptococcus",NA
"ASV513","Bacteria","Proteobacteria","Alphaproteobacteria","Sphingomonadales","Sphingomonadaceae","Sphingopyxis","bauzanensis"
"ASV516","Bacteria","Proteobacteria","Deltaproteobacteria","Myxococcales","Polyangiaceae","Pajaroellobacter",NA
"ASV523","Bacteria","Bacteroidetes","Bacteroidia","Chitinophagales","Chitinophagaceae","Terrimonas",NA
"ASV531","Bacteria","Firmicutes","Bacilli","Lactobacillales","Lactobacillaceae","Lactobacillus",NA
"ASV532","Bacteria","Proteobacteria","Gammaproteobacteria","Betaproteobacteriales","Burkholderiaceae","Ralstonia",NA
"ASV534","Bacteria","Verrucomicrobia","Verrucomicrobiae","Verrucomicrobiales","Verrucomicrobiaceae","Brevifollis",NA
"ASV535","Bacteria","Actinobacteria","Actinobacteria","Corynebacteriales","Corynebacteriaceae","Corynebacterium_1","phoceense"
"ASV539","Bacteria","Proteobacteria","Gammaproteobacteria","Betaproteobacteriales","Rhodocyclaceae","Ferribacterium",NA
"ASV542","Bacteria","Bacteroidetes","Bacteroidia","Chitinophagales","Chitinophagaceae","Ferruginibacter",NA
"ASV548","Bacteria","Firmicutes","Clostridia","Clostridiales","Clostridiaceae_1","Clostridium_sensu_stricto_9",NA
"ASV552","Bacteria","Bacteroidetes","Bacteroidia","Chitinophagales","Chitinophagaceae","Flavihumibacter",NA
"ASV558","Bacteria","Proteobacteria","Alphaproteobacteria","Caulobacterales","Hyphomonadaceae","UKL13-1",NA
"ASV559","Bacteria","Proteobacteria","Gammaproteobacteria","Enterobacteriales","Enterobacteriaceae","Atlantibacter",NA
"ASV572","Bacteria","Proteobacteria","Deltaproteobacteria","Bdellovibrionales","Bacteriovoracaceae","Peredibacter",NA
"ASV573","Bacteria","Proteobacteria","Gammaproteobacteria","Betaproteobacteriales","Burkholderiaceae","Limnobacter","thiooxidans"
"ASV578","Bacteria","Proteobacteria","Gammaproteobacteria","Betaproteobacteriales","Chitinibacteraceae","Iodobacter",NA
"ASV589","Bacteria","Firmicutes","Clostridia","Clostridiales","Clostridiaceae_1","Clostridium_sensu_stricto_13","subterminale"
"ASV592","Bacteria","Cyanobacteria","Oxyphotobacteria","Nostocales","Chroococcidiopsaceae","Chroococcidiopsis_SAG_2023",NA
"ASV594","Bacteria","Proteobacteria","Gammaproteobacteria","Vibrionales","Vibrionaceae","Vibrio",NA
"ASV595","Bacteria","Proteobacteria","Gammaproteobacteria","Enterobacteriales","Enterobacteriaceae","Pantoea",NA
"ASV596","Bacteria","Firmicutes","Bacilli","Lactobacillales","Carnobacteriaceae","Dolosigranulum","pigrum"
"ASV600","Bacteria","Firmicutes","Bacilli","Bacillales","Staphylococcaceae","Staphylococcus",NA
"ASV604","Bacteria","Nitrospirae","Nitrospira","Nitrospirales","Nitrospiraceae","Nitrospira",NA
"ASV606","Bacteria","Proteobacteria","Alphaproteobacteria","Rhizobiales","Beijerinckiaceae","Bosea",NA
"ASV609","Bacteria","Proteobacteria","Deltaproteobacteria","Oligoflexales","Oligoflexaceae","Oligoflexus",NA
"ASV613","Bacteria","Proteobacteria","Alphaproteobacteria","Rhodobacterales","Rhodobacteraceae","Rubellimicrobium",NA
"ASV618","Bacteria","Omnitrophicaeota","Omnitrophia","Omnitrophales","Omnitrophaceae","Candidatus_Omnitrophus",NA
"ASV619","Bacteria","Firmicutes","Clostridia","Clostridiales","Peptostreptococcaceae","Tepidibacter",NA
"ASV626","Bacteria","Bacteroidetes","Bacteroidia","Sphingobacteriales","Sphingobacteriaceae","Solitalea",NA
"ASV630","Bacteria","Bacteroidetes","Bacteroidia","Cytophagales","Cytophagaceae","Cytophaga",NA
"ASV633","Bacteria","Spirochaetes","Spirochaetia","Spirochaetales","Spirochaetaceae","Borreliella",NA
"ASV654","Bacteria","Actinobacteria","Actinobacteria","Bifidobacteriales","Bifidobacteriaceae","Bifidobacterium",NA
"ASV656","Bacteria","Proteobacteria","Gammaproteobacteria","Betaproteobacteriales","Burkholderiaceae","Pseudoduganella",NA
"ASV657","Bacteria","Proteobacteria","Gammaproteobacteria","Xanthomonadales","Xanthomonadaceae","Lysobacter","brunescens"
"ASV666","Bacteria","Bacteroidetes","Bacteroidia","Bacteroidales","Dysgonomonadaceae","Proteiniphilum",NA
"ASV669","Bacteria","Verrucomicrobia","Verrucomicrobiae","Verrucomicrobiales","Verrucomicrobiaceae","Prosthecobacter",NA
"ASV671","Bacteria","Firmicutes","Bacilli","Bacillales","Bacillaceae","Aquibacillus",NA
"ASV673","Bacteria","Bacteroidetes","Bacteroidia","Chitinophagales","Saprospiraceae","Haliscomenobacter",NA
"ASV675","Bacteria","Firmicutes","Clostridia","Clostridiales","Lachnospiraceae","Epulopiscium",NA
"ASV679","Bacteria","Firmicutes","Bacilli","Lactobacillales","Enterococcaceae","Enterococcus","cecorum"
"ASV680","Bacteria","Bacteroidetes","Bacteroidia","Cytophagales","Microscillaceae","Flexibacter",NA
"ASV685","Bacteria","Proteobacteria","Gammaproteobacteria","Pseudomonadales","Pseudomonadaceae","Azomonas",NA
"ASV694","Bacteria","Bacteroidetes","Bacteroidia","Cytophagales","Spirosomaceae","Dyadobacter",NA
"ASV696","Bacteria","Bacteroidetes","Bacteroidia","Flavobacteriales","Weeksellaceae","Moheibacter",NA
"ASV698","Bacteria","Proteobacteria","Deltaproteobacteria","Myxococcales","Sandaracinaceae","Sandaracinus",NA
"ASV708","Bacteria","Rokubacteria","NC10","Methylomirabilales","Methylomirabilaceae","MIZ17",NA
"ASV723","Bacteria","Proteobacteria","Gammaproteobacteria","Cellvibrionales","Spongiibacteraceae","BD1-7_clade",NA
"ASV726","Bacteria","Proteobacteria","Gammaproteobacteria","Alteromonadales","Idiomarinaceae","Idiomarina","loihiensis"
"ASV729","Bacteria","Proteobacteria","Gammaproteobacteria","Enterobacteriales","Enterobacteriaceae","Buttiauxella",NA
"ASV736","Bacteria","Verrucomicrobia","Verrucomicrobiae","Opitutales","Opitutaceae","Cephaloticoccus",NA
"ASV738","Bacteria","Firmicutes","Bacilli","Bacillales","Staphylococcaceae","Macrococcus","caseolyticus"
"ASV742","Bacteria","Proteobacteria","Deltaproteobacteria","Bdellovibrionales","Bdellovibrionaceae","Bdellovibrio",NA
"ASV746","Bacteria","Proteobacteria","Gammaproteobacteria","Betaproteobacteriales","Burkholderiaceae","Cupriavidus",NA
"ASV769","Bacteria","Proteobacteria","Gammaproteobacteria","Betaproteobacteriales","Gallionellaceae","Gallionella",NA
"ASV772","Bacteria","Cyanobacteria","Oxyphotobacteria","Nostocales","Nostocaceae","Aphanizomenon_NIES81",NA
"ASV774","Bacteria","Proteobacteria","Alphaproteobacteria","Reyranellales","Reyranellaceae","Reyranella",NA
"ASV776","Bacteria","Firmicutes","Negativicutes","Selenomonadales","Veillonellaceae","Megasphaera","cerevisiae"
"ASV785","Bacteria","Proteobacteria","Alphaproteobacteria","Rhizobiales","Rhizobiaceae","Ciceribacter",NA
"ASV790","Bacteria","Actinobacteria","Actinobacteria","Micrococcales","Micrococcaceae","Pseudarthrobacter",NA
"ASV793","Bacteria","Firmicutes","Clostridia","Clostridiales","Family_XI","Anaerococcus",NA
"ASV799","Bacteria","Proteobacteria","Deltaproteobacteria","Myxococcales","Phaselicystidaceae","Phaselicystis",NA
"ASV812","Bacteria","Proteobacteria","Gammaproteobacteria","Coxiellales","Coxiellaceae","Coxiella",NA
"ASV813","Bacteria","Proteobacteria","Gammaproteobacteria","Pseudomonadales","Moraxellaceae","Perlucidibaca",NA
"ASV814","Bacteria","Proteobacteria","Gammaproteobacteria","Cellvibrionales","Cellvibrionaceae","Cellvibrio","gandavensis"
"ASV815","Bacteria","Proteobacteria","Alphaproteobacteria","Rhodobacterales","Rhodobacteraceae","Defluviimonas",NA
"ASV826","Bacteria","Actinobacteria","Actinobacteria","Micrococcales","Microbacteriaceae","Leucobacter","chironomi"
"ASV828","Bacteria","Proteobacteria","Gammaproteobacteria","Betaproteobacteriales","Burkholderiaceae","Delftia",NA
"ASV832","Bacteria","Proteobacteria","Alphaproteobacteria","Rhizobiales","Xanthobacteraceae","Afipia",NA
"ASV835","Bacteria","Proteobacteria","Gammaproteobacteria","Betaproteobacteriales","Methylophilaceae","Methylotenera",NA
"ASV843","Bacteria","Verrucomicrobia","Verrucomicrobiae","Verrucomicrobiales","Verrucomicrobiaceae","Verrucomicrobium",NA
"ASV844","Bacteria","Actinobacteria","Actinobacteria","Frankiales","Sporichthyaceae","Candidatus_Planktophila",NA
"ASV848","Bacteria","Proteobacteria","Gammaproteobacteria","Betaproteobacteriales","Burkholderiaceae","Caenimonas",NA
"ASV859","Bacteria","Firmicutes","Bacilli","Bacillales","Planococcaceae","Planomicrobium",NA
"ASV861","Bacteria","Proteobacteria","Alphaproteobacteria","Rhizobiales","Xanthobacteraceae","Bradyrhizobium",NA
"ASV869","Bacteria","Bacteroidetes","Bacteroidia","Bacteroidales","Prolixibacteraceae","WCHB1-32",NA
"ASV874","Bacteria","Acidobacteria","Holophagae","Holophagales","Holophagaceae","Geothrix",NA
"ASV884","Bacteria","Proteobacteria","Gammaproteobacteria","Pseudomonadales","Moraxellaceae","Enhydrobacter",NA
"ASV886","Bacteria","Fusobacteria","Fusobacteriia","Fusobacteriales","Fusobacteriaceae","Fusobacterium",NA
"ASV895","Bacteria","Actinobacteria","Actinobacteria","Corynebacteriales","Nocardiaceae","Rhodococcus",NA
"ASV900","Bacteria","Firmicutes","Bacilli","Bacillales","Planococcaceae","Lysinibacillus",NA
"ASV902","Bacteria","Firmicutes","Clostridia","Clostridiales","Clostridiaceae_1","Clostridium_sensu_stricto_7",NA
"ASV905","Bacteria","Proteobacteria","Gammaproteobacteria","Betaproteobacteriales","Burkholderiaceae","Inhella",NA
"ASV908","Bacteria","Actinobacteria","Actinobacteria","Micrococcales","Microbacteriaceae","Homoserinimonas",NA
"ASV916","Bacteria","Proteobacteria","Gammaproteobacteria","Betaproteobacteriales","Burkholderiaceae","GKS98_freshwater_group",NA
"ASV921","Bacteria","Proteobacteria","Alphaproteobacteria","Rhizobiales","Rhizobiaceae","Allorhizobium-Neorhizobium-Pararhizobium-Rhizobium",NA
"ASV922","Bacteria","Proteobacteria","Gammaproteobacteria","Enterobacteriales","Enterobacteriaceae","Kosakonia","cowanii"
"ASV935","Bacteria","Proteobacteria","Deltaproteobacteria","Desulfuromonadales","Geobacteraceae","Geobacter",NA
"ASV945","Bacteria","Proteobacteria","Gammaproteobacteria","Betaproteobacteriales","Hydrogenophilaceae","Tepidiphilus",NA
"ASV949","Bacteria","Proteobacteria","Gammaproteobacteria","Betaproteobacteriales","Nitrosomonadaceae","MND1",NA
"ASV950","Bacteria","Proteobacteria","Gammaproteobacteria","Xanthomonadales","Xanthomonadaceae","Thermomonas",NA
"ASV951","Bacteria","Bacteroidetes","Bacteroidia","Cytophagales","Cyclobacteriaceae","Rhodonellum",NA
"ASV961","Bacteria","Firmicutes","Clostridia","Clostridiales","Family_XI","Sporanaerobacter",NA
"ASV965","Bacteria","Proteobacteria","Deltaproteobacteria","Bdellovibrionales","Bdellovibrionaceae","OM27_clade",NA
"ASV978","Bacteria","Proteobacteria","Alphaproteobacteria","Rhizobiales","Rhizobiaceae","Neorhizobium","galegae"
"ASV994","Bacteria","Proteobacteria","Gammaproteobacteria","Betaproteobacteriales","Burkholderiaceae","Aquabacterium",NA
"ASV998","Bacteria","Proteobacteria","Alphaproteobacteria","Rhodobacterales","Rhodobacteraceae","Pseudoruegeria",NA
"ASV1001","Bacteria","Bacteroidetes","Bacteroidia","Bacteroidales","Prevotellaceae","Prevotella","disiens"
"ASV1015","Bacteria","Firmicutes","Clostridia","Clostridiales","Family_XI","Finegoldia",NA
"ASV1019","Bacteria","Firmicutes","Clostridia","Clostridiales","Peptostreptococcaceae","Peptostreptococcus","anaerobius"
"ASV1021","Bacteria","Proteobacteria","Alphaproteobacteria","Paracaedibacterales","Paracaedibacteraceae","Candidatus_Finniella",NA
"ASV1023","Bacteria","Bacteroidetes","Bacteroidia","Flavobacteriales","Weeksellaceae","Empedobacter",NA
"ASV1024","Bacteria","Bacteroidetes","Bacteroidia","Bacteroidales","Porphyromonadaceae","Porphyromonas",NA
"ASV1026","Bacteria","Firmicutes","Negativicutes","Selenomonadales","Veillonellaceae","Dialister","propionicifaciens"
"ASV1032","Bacteria","Proteobacteria","Gammaproteobacteria","Pseudomonadales","Moraxellaceae","Fluviicoccus",NA
"ASV1034","Bacteria","Proteobacteria","Alphaproteobacteria","Paracaedibacterales","Paracaedibacteraceae","Candidatus_Paracaedibacter",NA
"ASV1038","Bacteria","Actinobacteria","Actinobacteria","Micrococcales","Micrococcaceae","Paenarthrobacter",NA
"ASV1040","Bacteria","Proteobacteria","Gammaproteobacteria","Betaproteobacteriales","Rhodocyclaceae","Denitratisoma",NA
"ASV1048","Bacteria","Proteobacteria","Gammaproteobacteria","Salinisphaerales","Solimonadaceae","Nevskia","ramosa"
"ASV1049","Bacteria","Firmicutes","Bacilli","Bacillales","Family_XI","Gemella",NA
"ASV1050","Bacteria","Bacteroidetes","Bacteroidia","Bacteroidales","Bacteroidaceae","Bacteroides","vulgatus"
"ASV1062","Bacteria","Bacteroidetes","Bacteroidia","Cytophagales","Microscillaceae","OLB12",NA
"ASV1091","Bacteria","Bacteroidetes","Bacteroidia","Flavobacteriales","Crocinitomicaceae","Crocinitomix",NA
"ASV1115","Bacteria","Proteobacteria","Gammaproteobacteria","Alteromonadales","Alteromonadaceae","Alishewanella",NA
"ASV1118","Bacteria","Proteobacteria","Gammaproteobacteria","Betaproteobacteriales","Chitinibacteraceae","Chitinibacter",NA
"ASV1120","Bacteria","Firmicutes","Clostridia","Clostridiales","Ruminococcaceae","Subdoligranulum",NA
"ASV1131","Bacteria","Actinobacteria","Actinobacteria","Micrococcales","Micrococcaceae","Glutamicibacter","nicotianae"
"ASV1134","Bacteria","Firmicutes","Clostridia","Clostridiales","Gracilibacteraceae","Lutispora",NA
"ASV1140","Bacteria","Actinobacteria","Actinobacteria","Propionibacteriales","Propionibacteriaceae","Cutibacterium","acnes"
"ASV1152","Bacteria","Proteobacteria","Gammaproteobacteria","Oceanospirillales","Pseudohongiellaceae","Pseudohongiella",NA
"ASV1165","Bacteria","Proteobacteria","Gammaproteobacteria","Xanthomonadales","Xanthomonadaceae","Stenotrophomonas","maltophilia"
"ASV1169","Bacteria","Proteobacteria","Alphaproteobacteria","Rhodobacterales","Rhodobacteraceae","Roseicitreum",NA
"ASV1170","Bacteria","Proteobacteria","Gammaproteobacteria","Alteromonadales","Psychromonadaceae","Psychromonas","arctica"
"ASV1172","Bacteria","Firmicutes","Bacilli","Lactobacillales","Leuconostocaceae","Leuconostoc",NA
"ASV1177","Bacteria","Proteobacteria","Alphaproteobacteria","Sphingomonadales","Sphingomonadaceae","Sphingomicrobium",NA
"ASV1184","Bacteria","Firmicutes","Clostridia","Clostridiales","Lachnospiraceae","Anaerosporobacter",NA
"ASV1191","Bacteria","Proteobacteria","Gammaproteobacteria","Enterobacteriales","Enterobacteriaceae","Rahnella",NA
"ASV1195","Bacteria","Proteobacteria","Deltaproteobacteria","Myxococcales","Haliangiaceae","Haliangium",NA
"ASV1198","Bacteria","Verrucomicrobia","Verrucomicrobiae","Chthoniobacterales","Chthoniobacteraceae","Chthoniobacter",NA
"ASV1208","Bacteria","Proteobacteria","Alphaproteobacteria","Rhizobiales","Rhizobiaceae","Aliihoeflea",NA
"ASV1209","Bacteria","Proteobacteria","Alphaproteobacteria","Rhodobacterales","Rhodobacteraceae","Tropicimonas",NA
"ASV1224","Bacteria","Firmicutes","Bacilli","Bacillales","Staphylococcaceae","Nosocomiicoccus",NA
"ASV1226","Bacteria","Proteobacteria","Gammaproteobacteria","Betaproteobacteriales","Burkholderiaceae","Comamonas",NA
"ASV1227","Bacteria","Actinobacteria","Actinobacteria","Frankiales","Cryptosporangiaceae","Fodinicola",NA
"ASV1241","Bacteria","Proteobacteria","Alphaproteobacteria","Rhizobiales","Hyphomicrobiaceae","Hyphomicrobium",NA
"ASV1254","Bacteria","Bacteroidetes","Bacteroidia","Chitinophagales","Chitinophagaceae","Hydrobacter","penzbergensis"
"ASV1262","Bacteria","Proteobacteria","Alphaproteobacteria","Rickettsiales","Rickettsiaceae","Rickettsia",NA
"ASV1265","Bacteria","Actinobacteria","Actinobacteria","Propionibacteriales","Propionibacteriaceae","Propionibacterium",NA
"ASV1269","Bacteria","Bacteroidetes","Bacteroidia","Flavobacteriales","Flavobacteriaceae","Myroides",NA
"ASV1270","Bacteria","Firmicutes","Clostridia","Clostridiales","Family_XIII","S5-A14a",NA
"ASV1285","Bacteria","Proteobacteria","Alphaproteobacteria","Azospirillales","Azospirillaceae","Azospirillum",NA
"ASV1309","Bacteria","Proteobacteria","Gammaproteobacteria","Oceanospirillales","Saccharospirillaceae","Oleispira",NA
"ASV1312","Bacteria","Firmicutes","Bacilli","Lactobacillales","Carnobacteriaceae","Carnobacterium",NA
"ASV1317","Bacteria","Proteobacteria","Alphaproteobacteria","Rhodobacterales","Rhodobacteraceae","Cereibacter",NA
"ASV1329","Bacteria","Proteobacteria","Alphaproteobacteria","Caedibacterales","Caedibacteraceae","Candidatus_Nucleicultrix",NA
"ASV1339","Bacteria","Proteobacteria","Gammaproteobacteria","Oceanospirillales","Halomonadaceae","Kushneria",NA
"ASV1347","Bacteria","Bacteroidetes","Bacteroidia","Bacteroidales","Prevotellaceae","Prevotella_9",NA
"ASV1348","Bacteria","Proteobacteria","Gammaproteobacteria","Betaproteobacteriales","Methylophilaceae","Methylophilus",NA
"ASV1349","Bacteria","Planctomycetes","Phycisphaerae","Phycisphaerales","Phycisphaeraceae","SM1A02",NA
"ASV1360","Bacteria","Proteobacteria","Gammaproteobacteria","Betaproteobacteriales","Burkholderiaceae","Basilea",NA
"ASV1361","Bacteria","Proteobacteria","Gammaproteobacteria","Betaproteobacteriales","Burkholderiaceae","Xenophilus",NA
"ASV1365","Bacteria","Bacteroidetes","Bacteroidia","Cytophagales","Hymenobacteraceae","Hymenobacter",NA
"ASV1373","Bacteria","Proteobacteria","Alphaproteobacteria","Rhodobacterales","Rhodobacteraceae","Marivita",NA
"ASV1376","Bacteria","Actinobacteria","Actinobacteria","Micrococcales","Intrasporangiaceae","Knoellia",NA
"ASV1381","Bacteria","Proteobacteria","Deltaproteobacteria","Bdellovibrionales","Bacteriovoracaceae","Bacteriovorax",NA
"ASV1396","Bacteria","Proteobacteria","Gammaproteobacteria","Methylococcales","Methylococcaceae","Methylocaldum",NA
"ASV1401","Bacteria","Proteobacteria","Alphaproteobacteria","Rhodobacterales","Rhodobacteraceae","Halodurantibacterium",NA
"ASV1406","Bacteria","Proteobacteria","Gammaproteobacteria","Betaproteobacteriales","Burkholderiaceae","Methylibium","petroleiphilum"
"ASV1421","Bacteria","Actinobacteria","Actinobacteria","Micrococcales","Microbacteriaceae","Huakuichenia",NA
"ASV1438","Bacteria","Firmicutes","Bacilli","Lactobacillales","Carnobacteriaceae","Marinilactibacillus","piezotolerans"
"ASV1440","Bacteria","Firmicutes","Bacilli","Lactobacillales","Enterococcaceae","Vagococcus",NA
"ASV1461","Bacteria","Proteobacteria","Alphaproteobacteria","Rhodobacterales","Rhodobacteraceae","Oceanibulbus",NA
"ASV1469","Bacteria","Firmicutes","Clostridia","Clostridiales","Lachnospiraceae","Blautia",NA
"ASV1470","Bacteria","Proteobacteria","Alphaproteobacteria","Rhodospirillales","Rhodopirillaceae","Defluviicoccus",NA
"ASV1471","Bacteria","Bacteroidetes","Bacteroidia","Chitinophagales","Chitinophagaceae","Lacibacter",NA
"ASV1484","Bacteria","Proteobacteria","Gammaproteobacteria","Alteromonadales","Alteromonadales_Incertae_Sedis","Alkalimonas",NA
"ASV1492","Bacteria","Actinobacteria","Actinobacteria","Micrococcales","Microbacteriaceae","Yonghaparkia",NA
"ASV1523","Bacteria","Firmicutes","Bacilli","Bacillales","Bacillaceae","Ureibacillus","thermosphaericus"
"ASV1527","Bacteria","Proteobacteria","Alphaproteobacteria","Rhizobiales","Beijerinckiaceae","Methylobacterium",NA
"ASV1529","Bacteria","Firmicutes","Clostridia","Clostridiales","Ruminococcaceae","Faecalibacterium",NA
"ASV1536","Bacteria","Firmicutes","Clostridia","Clostridiales","Lachnospiraceae","Cellulosilyticum",NA
"ASV1543","Bacteria","Proteobacteria","Gammaproteobacteria","Methylococcales","Methylococcaceae","Candidatus_Methylospira",NA
"ASV1544","Bacteria","Proteobacteria","Alphaproteobacteria","Sphingomonadales","Sphingomonadaceae","Sandarakinorhabdus",NA
"ASV1556","Bacteria","Actinobacteria","Coriobacteriia","Coriobacteriales","Atopobiaceae","Atopobium","minutum"
"ASV1559","Bacteria","Bacteroidetes","Bacteroidia","Flavobacteriales","Flavobacteriaceae","Spongiivirga",NA
"ASV1572","Bacteria","Proteobacteria","Gammaproteobacteria","Betaproteobacteriales","Burkholderiaceae","Kinneretia",NA
"ASV1575","Bacteria","Proteobacteria","Alphaproteobacteria","Sphingomonadales","Sphingomonadaceae","Sandaracinobacter",NA
"ASV1579","Bacteria","Actinobacteria","Acidimicrobiia","Microtrichales","Ilumatobacteraceae","CL500-29_marine_group",NA
"ASV1607","Bacteria","Proteobacteria","Deltaproteobacteria","Desulfobacterales","Desulfobulbaceae","Desulforhopalus",NA
"ASV1618","Bacteria","Bacteroidetes","Bacteroidia","Bacteroidales","Prevotellaceae","Prevotella_7",NA
"ASV1620","Bacteria","Firmicutes","Clostridia","Clostridiales","Lachnospiraceae","Agathobacter",NA
"ASV1630","Bacteria","Proteobacteria","Alphaproteobacteria","Rhizobiales","Rhizobiaceae","Mycoplana",NA
"ASV1636","Bacteria","Proteobacteria","Alphaproteobacteria","Holosporales","Holosporaceae","Holospora",NA
"ASV1680","Bacteria","Bacteroidetes","Bacteroidia","Flavobacteriales","Crocinitomicaceae","Salinirepens",NA
"ASV1695","Bacteria","Proteobacteria","Gammaproteobacteria","Betaproteobacteriales","Chitinimonadaceae","Chitinimonas","taiwanensis"
"ASV1713","Bacteria","Actinobacteria","Actinobacteria","Micrococcales","Micrococcaceae","Arthrobacter",NA
"ASV1755","Bacteria","Proteobacteria","Alphaproteobacteria","Rhodospirillales","Rhodospirillaceae","Pararhodospirillum",NA
"ASV1759","Bacteria","Proteobacteria","Gammaproteobacteria","Betaproteobacteriales","Burkholderiaceae","Pseudacidovorax",NA
"ASV1760","Bacteria","Proteobacteria","Alphaproteobacteria","Rhizobiales","Beijerinckiaceae","Methylocystis",NA
"ASV1772","Bacteria","Actinobacteria","Actinobacteria","Actinomycetales","Actinomycetaceae","Actinomyces",NA
"ASV1774","Bacteria","Firmicutes","Clostridia","Clostridiales","Clostridiaceae_1","Clostridium_sensu_stricto_15","cochlearium"
"ASV1783","Bacteria","Proteobacteria","Gammaproteobacteria","Betaproteobacteriales","Burkholderiaceae","Rivibacter",NA
"ASV1797","Bacteria","Fusobacteria","Fusobacteriia","Fusobacteriales","Leptotrichiaceae","Hypnocyclicus",NA
"ASV1802","Bacteria","Verrucomicrobia","Verrucomicrobiae","Opitutales","Opitutaceae","Lacunisphaera",NA
"ASV1809","Bacteria","Proteobacteria","Gammaproteobacteria","Pseudomonadales","Moraxellaceae","Cavicella",NA
"ASV1820","Bacteria","Acidobacteria","Acidobacteriia","Solibacterales","Solibacteraceae_(Subgroup_3)","Paludibaculum",NA
"ASV1878","Bacteria","Firmicutes","Bacilli","Bacillales","Paenibacillaceae","Paenibacillus",NA
"ASV1901","Bacteria","Proteobacteria","Gammaproteobacteria","Betaproteobacteriales","Burkholderiaceae","Malikia",NA
"ASV1912","Bacteria","Firmicutes","Clostridia","Clostridiales","Clostridiaceae_1","Clostridium_sensu_stricto_4",NA
"ASV1924","Bacteria","Proteobacteria","Gammaproteobacteria","Betaproteobacteriales","Burkholderiaceae","Rugamonas",NA
"ASV1939","Bacteria","Firmicutes","Clostridia","Clostridiales","Peptostreptococcaceae","Asaccharospora",NA
"ASV1942","Bacteria","Bacteroidetes","Bacteroidia","Chitinophagales","Chitinophagaceae","Niveitalea",NA
"ASV1944","Bacteria","Proteobacteria","Alphaproteobacteria","Acetobacterales","Acetobacteraceae","Roseococcus",NA
"ASV1945","Bacteria","Bacteroidetes","Bacteroidia","Flavobacteriales","Weeksellaceae","Weeksella",NA
"ASV1960","Bacteria","Fusobacteria","Fusobacteriia","Fusobacteriales","Leptotrichiaceae","Caviibacter",NA
"ASV1970","Bacteria","Firmicutes","Bacilli","Lactobacillales","Streptococcaceae","Anthococcus",NA
"ASV1997","Bacteria","Proteobacteria","Gammaproteobacteria","Betaproteobacteriales","Burkholderiaceae","Aquincola",NA
"ASV2003","Bacteria","Bacteroidetes","Bacteroidia","Chitinophagales","Chitinophagaceae","Pseudoflavitalea",NA
"ASV2011","Bacteria","Proteobacteria","Alphaproteobacteria","Sphingomonadales","Sphingomonadaceae","Parablastomonas",NA
"ASV2057","Bacteria","Proteobacteria","Deltaproteobacteria","Desulfarculales","Desulfarculaceae","Desulfatiglans",NA
"ASV2106","Bacteria","Cyanobacteria","Oxyphotobacteria","Synechococcales","Cyanobiaceae","Cyanobium_PCC-6307",NA
"ASV2144","Bacteria","Deinococcus-Thermus","Deinococci","Deinococcales","Deinococcaceae","Deinococcus",NA
"ASV2180","Bacteria","Proteobacteria","Gammaproteobacteria","Betaproteobacteriales","Burkholderiaceae","Giesbergeria",NA
